"hotel_id","partition","n_clusters","log_model_evidence","log_bayes_factor_partition_vs_homogeneity","posterior_probability","scaled_integration_error","integration_mode_lambda","alpha","beta","model_prior","period_scenario","source_scenario","excluded_platform","score_mode","n_platforms","n_reviews_scenario"
"HWYNN001","agoda+tripcom | booking_via_agoda+priceline",2,-460.770569055212,21.7363972871368,0.527688125878372,1.73106944935637e-11,1.76563585105384,0.5,0,"uniform","2024","all_sources",NA,"ceiling",4,492
"HWYNN001","agoda | booking_via_agoda+priceline | tripcom",3,-461.653931656216,20.853034686133,0.21814126063522,6.08070818155334e-12,1.61991449828311,0.5,0,"uniform","2024","all_sources",NA,"ceiling",4,492
"HWYNN001","agoda+tripcom | booking_via_agoda | priceline",3,-462.260174095485,20.2467922468642,0.11897345467077,9.36348209512529e-12,1.83417672543276,0.5,0,"uniform","2024","all_sources",NA,"ceiling",4,492
"HWYNN001","agoda | booking_via_agoda | priceline | tripcom",4,-463.116850814761,19.3901155275877,0.0505126438877434,6.27519077098235e-11,1.69903778150472,0.5,0,"uniform","2024","all_sources",NA,"ceiling",4,492
"HWYNN001","agoda+priceline | booking_via_agoda | tripcom",3,-463.206317229432,19.3006491129173,0.0461897200822773,6.8655125833791e-12,1.65197658896938,0.5,0,"uniform","2024","all_sources",NA,"ceiling",4,492
"HWYNN001","agoda+priceline+tripcom | booking_via_agoda",2,-463.674355327924,18.832611014425,0.0289253729241923,1.7324684598208e-11,1.79454053286644,0.5,0,"uniform","2024","all_sources",NA,"ceiling",4,492
"HWYNN001","agoda | booking_via_agoda | priceline+tripcom",3,-465.223000944785,17.2839653975637,0.00614767246331097,6.77995427186797e-12,1.650525984379,0.5,0,"uniform","2024","all_sources",NA,"ceiling",4,492
"HWYNN001","agoda+booking_via_agoda+priceline | tripcom",2,-466.045748844842,16.4612174975068,0.00270019947220738,1.61798921140882e-11,1.67200180932827,0.5,0,"uniform","2024","all_sources",NA,"ceiling",4,492
"HWYNN001","agoda+booking_via_agoda | priceline | tripcom",3,-467.485478185539,15.0214881568098,0.00063992538726685,8.08664476717121e-12,1.76311030524536,0.5,0,"uniform","2024","all_sources",NA,"ceiling",4,492
"HWYNN001","agoda+booking_via_agoda | priceline+tripcom",2,-469.544705183561,12.9622611587886,8.16241022559766e-05,1.69115861629254e-11,1.71672970980425,0.5,0,"uniform","2024","all_sources",NA,"ceiling",4,492
"HWYNN001","agoda+booking_via_agoda+priceline+tripcom",1,-482.506966342349,0,1.91593126047882e-10,0,NA,0.5,0,"uniform","2024","all_sources",NA,"ceiling",4,492
"HWYNN001","agoda | booking_via_agoda+priceline+tripcom",2,-482.728049409174,-0.221083066824463,1.53590646164375e-10,1.69307752161238e-11,1.7517887193763,0.5,0,"uniform","2024","all_sources",NA,"ceiling",4,492
"HWYNN001","agoda+booking_via_agoda+tripcom | priceline",2,-483.751333470143,-1.24436712779385,5.52024237328278e-11,1.55734941533964e-11,2.02245221340345,0.5,0,"uniform","2024","all_sources",NA,"ceiling",4,492
"HWYNN001","agoda | booking_via_agoda+tripcom | priceline",3,-483.866206266083,-1.35923992373426,4.92118311236119e-11,8.92052366032733e-12,1.82142421248051,0.5,0,"uniform","2024","all_sources",NA,"ceiling",4,492
"HWYNN001","agoda+priceline | booking_via_agoda+tripcom",2,-483.917094267506,-1.41012792515681,4.6770191356187e-11,1.71961981436429e-11,1.79973415829307,0.5,0,"uniform","2024","all_sources",NA,"ceiling",4,492
"HWYNN001","agoda+tripcom | booking_via_agoda+priceline",2,-444.621450927751,45.6873094963105,0.727942037960598,1.42467675229408e-11,1.58766742178717,0.5,0,"uniform","2024","all_sources",NA,"floor",4,492
"HWYNN001","agoda+tripcom | booking_via_agoda | priceline",3,-446.148986737852,44.1597736862099,0.158014312874964,6.89829873123387e-12,1.69997516091809,0.5,0,"uniform","2024","all_sources",NA,"floor",4,492
"HWYNN001","agoda | booking_via_agoda+priceline | tripcom",3,-446.689849051182,43.6189113728802,0.092003194880739,2.31504898863369e-12,1.37881262027098,0.5,0,"uniform","2024","all_sources",NA,"floor",4,492
"HWYNN001","agoda | booking_via_agoda | priceline | tripcom",4,-448.234220806391,42.0745396176703,0.0196377070710481,5.10717215199999e-11,1.49598971645121,0.5,0,"uniform","2024","all_sources",NA,"floor",4,492
"HWYNN001","agoda+priceline+tripcom | booking_via_agoda",2,-450.653643481849,39.6551169422132,0.00174722510076166,1.54979167198107e-11,1.63271955535478,0.5,0,"uniform","2024","all_sources",NA,"floor",4,492
"HWYNN001","agoda | booking_via_agoda | priceline+tripcom",3,-452.256645909191,38.0521145148707,0.000351701120132276,3.94427988296586e-12,1.41412867568053,0.5,0,"uniform","2024","all_sources",NA,"floor",4,492
"HWYNN001","agoda+priceline | booking_via_agoda | tripcom",3,-452.402989318405,37.9057711056568,0.000303820879374807,6.40779411869405e-12,1.44934058457206,0.5,0,"uniform","2024","all_sources",NA,"floor",4,492
"HWYNN001","agoda+booking_via_agoda+priceline | tripcom",2,-467.448482841682,22.8602775823795,8.88061007569668e-11,1.24172544618603e-11,1.53365484002122,0.5,0,"uniform","2024","all_sources",NA,"floor",4,492
"HWYNN001","agoda+booking_via_agoda | priceline | tripcom",3,-468.792655516139,21.5161049079232,2.31566657256592e-11,5.9802428478163e-12,1.65612986662357,0.5,0,"uniform","2024","all_sources",NA,"floor",4,492
"HWYNN001","agoda+booking_via_agoda | priceline+tripcom",2,-472.800923107945,17.5078373161166,4.20637056200834e-13,1.42180664983407e-11,1.5901965138606,0.5,0,"uniform","2024","all_sources",NA,"floor",4,492
"HWYNN001","agoda | booking_via_agoda+priceline+tripcom",2,-479.624720711414,10.684039712648,4.57477653214178e-16,1.12774179651907e-11,1.45733777476211,0.5,0,"uniform","2024","all_sources",NA,"floor",4,492
"HWYNN001","agoda | booking_via_agoda+tripcom | priceline",3,-480.685855965842,9.62290445821952,1.58315960099785e-16,4.87721059482598e-12,1.59579598491239,0.5,0,"uniform","2024","all_sources",NA,"floor",4,492
"HWYNN001","agoda+priceline | booking_via_agoda+tripcom",2,-484.815575505432,5.49318491862999,2.5468906037934e-18,1.30138089996529e-11,1.5650281424457,0.5,0,"uniform","2024","all_sources",NA,"floor",4,492
"HWYNN001","agoda+booking_via_agoda+priceline+tripcom",1,-490.308760424062,0,1.04797372228529e-20,0,NA,0.5,0,"uniform","2024","all_sources",NA,"floor",4,492
"HWYNN001","agoda+booking_via_agoda+tripcom | priceline",2,-491.167712711168,-0.858952287105808,4.43927607650036e-21,1.62143161199746e-11,1.96017236933621,0.5,0,"uniform","2024","all_sources",NA,"floor",4,492
"HWYNN001","agoda+tripcom | booking_via_agoda+priceline",2,-456.770784677731,28.9527184231882,0.71542181991592,1.68538112174672e-11,1.70604772598698,0.5,0,"uniform","2024","all_sources",NA,"round",4,492
"HWYNN001","agoda+tripcom | booking_via_agoda | priceline",3,-458.271146880031,27.4523562208884,0.159574376576748,8.65632526014904e-12,1.78989334269599,0.5,0,"uniform","2024","all_sources",NA,"round",4,492
"HWYNN001","agoda | booking_via_agoda+priceline | tripcom",3,-458.900037468328,26.8234656325915,0.0850823436232316,9.2523206147798e-11,1.52296269904627,0.5,0,"uniform","2024","all_sources",NA,"round",4,492
"HWYNN001","agoda | booking_via_agoda | priceline | tripcom",4,-460.390699913808,25.3328031871113,0.0191625353814203,5.4735269323894e-11,1.61851721183418,0.5,0,"uniform","2024","all_sources",NA,"round",4,492
"HWYNN001","agoda+priceline+tripcom | booking_via_agoda",2,-460.583158702158,25.1403443987612,0.0158077180072246,1.71970563124764e-11,1.73994869467814,0.5,0,"uniform","2024","all_sources",NA,"round",4,492
"HWYNN001","agoda+priceline | booking_via_agoda | tripcom",3,-462.328141553734,23.3953615471854,0.00276078607968709,5.23286882355702e-12,1.57569206908693,0.5,0,"uniform","2024","all_sources",NA,"round",4,492
"HWYNN001","agoda | booking_via_agoda | priceline+tripcom",3,-462.55983247826,23.1636706226594,0.0021898313377417,4.79252156437049e-12,1.55166984224596,0.5,0,"uniform","2024","all_sources",NA,"round",4,492
"HWYNN001","agoda+booking_via_agoda+priceline | tripcom",2,-471.028735729305,14.6947673716143,4.59634603243359e-07,1.57025069317795e-11,1.64874485631661,0.5,0,"uniform","2024","all_sources",NA,"round",4,492
"HWYNN001","agoda+booking_via_agoda | priceline | tripcom",3,-472.407666741392,13.3158363595268,1.1575788608442e-07,7.7383531015065e-12,1.7449578493093,0.5,0,"uniform","2024","all_sources",NA,"round",4,492
"HWYNN001","agoda+booking_via_agoda | priceline+tripcom",2,-474.546345215672,11.1771578852471,1.36374863014873e-08,1.65954962044902e-11,1.69267146874449,0.5,0,"uniform","2024","all_sources",NA,"round",4,492
"HWYNN001","agoda | booking_via_agoda+priceline+tripcom",2,-480.506881624331,5.21662147658816,3.51646464967537e-11,1.39109751950173e-11,1.60264611126312,0.5,0,"uniform","2024","all_sources",NA,"round",4,492
"HWYNN001","agoda | booking_via_agoda+tripcom | priceline",3,-481.669246375952,4.05425672496671,1.09975933817726e-11,6.78603302041832e-12,1.70938315458654,0.5,0,"uniform","2024","all_sources",NA,"round",4,492
"HWYNN001","agoda+priceline | booking_via_agoda+tripcom",2,-483.563815645551,2.15968745536776,1.65385213766343e-12,1.60778948090319e-11,1.68164777722524,0.5,0,"uniform","2024","all_sources",NA,"round",4,492
"HWYNN001","agoda+booking_via_agoda+priceline+tripcom",1,-485.723503100919,0,1.90790319127596e-13,0,NA,0.5,0,"uniform","2024","all_sources",NA,"round",4,492
"HWYNN001","agoda+booking_via_agoda+tripcom | priceline",2,-486.846963582629,-1.12346048170986,6.20359799000243e-14,1.5837990682623e-11,2.00072767529942,0.5,0,"uniform","2024","all_sources",NA,"round",4,492
"HWYNN001","booking_via_agoda+priceline | tripcom",2,-389.385964415994,20.7828110093263,0.798912216532146,1.6795605504728e-11,1.71446883969793,0.5,0,"uniform","2024","leave_out_agoda","agoda","ceiling",3,422
"HWYNN001","booking_via_agoda | priceline | tripcom",3,-390.884906038821,19.2838693864992,0.17845017850346,8.6661170608727e-12,1.79629559329526,0.5,0,"uniform","2024","leave_out_agoda","agoda","ceiling",3,422
"HWYNN001","booking_via_agoda | priceline+tripcom",2,-392.949603070838,17.2191723544827,0.0226376040197611,1.72230185149667e-11,1.7624838582283,0.5,0,"uniform","2024","leave_out_agoda","agoda","ceiling",3,422
"HWYNN001","booking_via_agoda+priceline+tripcom",1,-410.16877542532,0,7.52729475286922e-10,0,NA,0.5,0,"uniform","2024","leave_out_agoda","agoda","ceiling",3,422
"HWYNN001","booking_via_agoda+tripcom | priceline",2,-411.535515475399,-1.36674005007882,1.91898358799538e-10,1.52251667634901e-11,2.04789881809021,0.5,0,"uniform","2024","leave_out_agoda","agoda","ceiling",3,422
"HWYNN001","booking_via_agoda+priceline | tripcom",2,-381.944459261682,32.590968654984,0.81852117095682,1.43728444981334e-11,1.60149681255098,0.5,0,"uniform","2024","leave_out_agoda","agoda","floor",3,422
"HWYNN001","booking_via_agoda | priceline | tripcom",3,-383.468616120395,31.0668117962712,0.178277692223242,7.00544502408743e-12,1.71076755276046,0.5,0,"uniform","2024","leave_out_agoda","agoda","floor",3,422
"HWYNN001","booking_via_agoda | priceline+tripcom",2,-387.488452520772,27.0469753958945,0.0032011368199205,1.60074843883388e-11,1.66448776536254,0.5,0,"uniform","2024","leave_out_agoda","agoda","floor",3,422
"HWYNN001","booking_via_agoda+priceline+tripcom",1,-414.535427916666,0,5.74053104714544e-15,0,NA,0.5,0,"uniform","2024","leave_out_agoda","agoda","floor",3,422
"HWYNN001","booking_via_agoda+tripcom | priceline",2,-415.758059110179,-1.22263119351317,1.69032451204489e-15,1.5629633044341e-11,2.01838494007229,0.5,0,"uniform","2024","leave_out_agoda","agoda","floor",3,422
"HWYNN001","booking_via_agoda+priceline | tripcom",2,-389.10858024935,21.2965215923995,0.800507469960498,1.6726462240454e-11,1.7091068181063,0.5,0,"uniform","2024","leave_out_agoda","agoda","round",3,422
"HWYNN001","booking_via_agoda | priceline | tripcom",3,-390.608558021322,19.7965438204279,0.178621330328177,8.59559373416558e-12,1.7922914670146,0.5,0,"uniform","2024","leave_out_agoda","agoda","round",3,422
"HWYNN001","booking_via_agoda | priceline+tripcom",2,-392.755455936123,17.6496459056262,0.0208711991442825,1.72038000805609e-11,1.75779189074392,0.5,0,"uniform","2024","leave_out_agoda","agoda","round",3,422
"HWYNN001","booking_via_agoda+priceline+tripcom",1,-410.405101841749,0,4.51235830481258e-10,0,NA,0.5,0,"uniform","2024","leave_out_agoda","agoda","round",3,422
"HWYNN001","booking_via_agoda+tripcom | priceline",2,-411.765319182042,-1.36021734029242,1.1578937041002e-10,1.52485721239571e-11,2.04643480092348,0.5,0,"uniform","2024","leave_out_agoda","agoda","round",3,422
"HWYNN001","agoda+tripcom | priceline",2,-222.73195902792,1.09120533149104,0.452145161305869,1.53100643857092e-11,1.76444514892881,0.5,0,"uniform","2024","leave_out_booking_via_agoda","booking_via_agoda","ceiling",3,224
"HWYNN001","agoda | priceline | tripcom",3,-223.619055696606,0.204108662804884,0.186215873868347,5.16485164458617e-12,1.6166853406399,0.5,0,"uniform","2024","leave_out_booking_via_agoda","booking_via_agoda","ceiling",3,224
"HWYNN001","agoda+priceline | tripcom",2,-223.624827943298,0.198336416112284,0.185144086193622,1.1692470414153e-11,1.52170913912346,0.5,0,"uniform","2024","leave_out_booking_via_agoda","booking_via_agoda","ceiling",3,224
"HWYNN001","agoda+priceline+tripcom",1,-223.823164359411,0,0.151835538285486,0,NA,0.5,0,"uniform","2024","leave_out_booking_via_agoda","booking_via_agoda","ceiling",3,224
"HWYNN001","agoda | priceline+tripcom",2,-225.640806562079,-1.81764220266811,0.0246593403466657,1.1562505133493e-11,1.51971426763268,0.5,0,"uniform","2024","leave_out_booking_via_agoda","booking_via_agoda","ceiling",3,224
"HWYNN001","agoda+tripcom | priceline",2,-206.582762239988,4.12278506489838,0.871742573816213,1.16732894100937e-11,1.5823434621761,0.5,0,"uniform","2024","leave_out_booking_via_agoda","booking_via_agoda","floor",3,224
"HWYNN001","agoda | priceline | tripcom",3,-208.652580533254,2.05296677163247,0.110021507955253,1.19613762866026e-12,1.3729576551023,0.5,0,"uniform","2024","leave_out_booking_via_agoda","booking_via_agoda","floor",3,224
"HWYNN001","agoda+priceline+tripcom",1,-210.705547304886,0,0.0141216502986855,0,NA,0.5,0,"uniform","2024","leave_out_booking_via_agoda","booking_via_agoda","floor",3,224
"HWYNN001","agoda | priceline+tripcom",2,-212.55119002753,-1.8456427226437,0.00223014449484903,2.25382861843158e-11,1.22649343390325,0.5,0,"uniform","2024","leave_out_booking_via_agoda","booking_via_agoda","floor",3,224
"HWYNN001","agoda+priceline | tripcom",2,-212.719793715274,-2.01424641038773,0.00188412343500255,3.83692536913186e-11,1.26861441607,0.5,0,"uniform","2024","leave_out_booking_via_agoda","booking_via_agoda","floor",3,224
"HWYNN001","agoda+tripcom | priceline",2,-218.732294073847,1.97034977904744,0.774212266424431,1.41827230733646e-11,1.70327585287643,0.5,0,"uniform","2024","leave_out_booking_via_agoda","booking_via_agoda","round",3,224
"HWYNN001","agoda+priceline+tripcom",1,-220.702643852895,0,0.107931449955699,0,NA,0.5,0,"uniform","2024","leave_out_booking_via_agoda","booking_via_agoda","round",3,224
"HWYNN001","agoda | priceline | tripcom",3,-220.864490841869,-0.161846988974418,0.0918033981655911,6.86858433831031e-12,1.51849123909098,0.5,0,"uniform","2024","leave_out_booking_via_agoda","booking_via_agoda","round",3,224
"HWYNN001","agoda+priceline | tripcom",2,-222.713290875443,-2.01064702254823,0.0144522379850161,1.17262698890668e-11,1.42403528806794,0.5,0,"uniform","2024","leave_out_booking_via_agoda","booking_via_agoda","round",3,224
"HWYNN001","agoda | priceline+tripcom",2,-222.933079242994,-2.2304353900993,0.0116006474692676,1.27343753665227e-11,1.39371921345558,0.5,0,"uniform","2024","leave_out_booking_via_agoda","booking_via_agoda","round",3,224
"HWYNN001","agoda+tripcom | booking_via_agoda",2,-449.36136732115,21.2539345619757,0.704777521093622,1.73043769621002e-11,1.76532578090837,0.5,0,"uniform","2024","leave_out_priceline","priceline","ceiling",3,479
"HWYNN001","agoda | booking_via_agoda | tripcom",3,-450.244684095899,20.3706177872274,0.291361686794033,6.07415923758479e-12,1.61971721411087,0.5,0,"uniform","2024","leave_out_priceline","priceline","ceiling",3,479
"HWYNN001","agoda+booking_via_agoda | tripcom",2,-454.568377311527,16.0469245715991,0.0038607914051992,1.61382873101429e-11,1.67008675005964,0.5,0,"uniform","2024","leave_out_priceline","priceline","ceiling",3,479
"HWYNN001","agoda+booking_via_agoda+tripcom",1,-470.615301883126,0,4.1455823325215e-10,0,NA,0.5,0,"uniform","2024","leave_out_priceline","priceline","ceiling",3,479
"HWYNN001","agoda | booking_via_agoda+tripcom",2,-470.963810488947,-0.348508605821053,2.92570261839089e-10,1.68958604647417e-11,1.74773366080494,0.5,0,"uniform","2024","leave_out_priceline","priceline","ceiling",3,479
"HWYNN001","agoda+tripcom | booking_via_agoda",2,-433.21216370904,44.8019359635408,0.887785135303347,1.4230002270292e-11,1.58738862260464,0.5,0,"uniform","2024","leave_out_priceline","priceline","floor",3,479
"HWYNN001","agoda | booking_via_agoda | tripcom",3,-435.280477990943,42.7336216816379,0.112214864564448,2.3043699429565e-12,1.37864624816892,0.5,0,"uniform","2024","leave_out_priceline","priceline","floor",3,479
"HWYNN001","agoda+booking_via_agoda | tripcom",2,-455.83971894636,22.174380726221,1.32216449502595e-10,1.2324624919446e-11,1.53070779368519,0.5,0,"uniform","2024","leave_out_priceline","priceline","floor",3,479
"HWYNN001","agoda | booking_via_agoda+tripcom",2,-467.707316682873,10.3067829897082,9.27370507374173e-16,1.13404326692836e-11,1.45348000867156,0.5,0,"uniform","2024","leave_out_priceline","priceline","floor",3,479
"HWYNN001","agoda+booking_via_agoda+tripcom",1,-478.014099672581,0,3.09794926858612e-20,0,NA,0.5,0,"uniform","2024","leave_out_priceline","priceline","floor",3,479
"HWYNN001","agoda+tripcom | booking_via_agoda",2,-445.36155462998,28.3437206231017,0.893707144187172,1.68436152556362e-11,1.70574782936444,0.5,0,"uniform","2024","leave_out_priceline","priceline","round",3,479
"HWYNN001","agoda | booking_via_agoda | tripcom",3,-447.490740875726,26.2145343773557,0.106292199057325,9.24310433252854e-11,1.52277749765183,0.5,0,"uniform","2024","leave_out_priceline","priceline","round",3,479
"HWYNN001","agoda+booking_via_agoda | tripcom",2,-459.4852283111,14.220046941982,6.56691939678482e-07,1.56391455238216e-11,1.64610165220451,0.5,0,"uniform","2024","leave_out_priceline","priceline","round",3,479
"HWYNN001","agoda | booking_via_agoda+tripcom",2,-468.734844260962,4.97043099211987,6.31399914845276e-11,1.38059875773807e-11,1.59900738008948,0.5,0,"uniform","2024","leave_out_priceline","priceline","round",3,479
"HWYNN001","agoda+booking_via_agoda+tripcom",1,-473.705275253082,0,4.38201405732172e-13,0,NA,0.5,0,"uniform","2024","leave_out_priceline","priceline","round",3,479
"HWYNN001","agoda | booking_via_agoda+priceline",2,-322.406877312449,4.0929684549414,0.683075918855418,1.68479059783395e-11,1.86604910244716,0.5,0,"uniform","2024","leave_out_tripcom","tripcom","ceiling",3,351
"HWYNN001","agoda | booking_via_agoda | priceline",3,-323.883242335412,2.61660343197769,0.156060068155659,1.07257790085641e-11,1.90763161007493,0.5,0,"uniform","2024","leave_out_tripcom","tripcom","ceiling",3,351
"HWYNN001","agoda+priceline | booking_via_agoda",2,-323.941349501894,2.55849626549599,0.147250293970546,1.61598467695975e-11,1.92223762057606,0.5,0,"uniform","2024","leave_out_tripcom","tripcom","ceiling",3,351
"HWYNN001","agoda+booking_via_agoda+priceline",1,-326.49984576739,0,0.0114002758609669,0,NA,0.5,0,"uniform","2024","leave_out_tripcom","tripcom","ceiling",3,351
"HWYNN001","agoda+booking_via_agoda | priceline",2,-328.138934027917,-1.6390882605271,0.00221344315743217,1.37253551540142e-11,2.13471822834892,0.5,0,"uniform","2024","leave_out_tripcom","tripcom","ceiling",3,351
"HWYNN001","agoda | booking_via_agoda+priceline",2,-315.000458165421,20.375875536989,0.820340960987996,1.25143019383222e-11,1.56529610893828,0.5,0,"uniform","2024","leave_out_tripcom","tripcom","floor",3,351
"HWYNN001","agoda | booking_via_agoda | priceline",3,-316.53492370161,18.8414100007999,0.17684161893705,6.16918079818052e-12,1.68345658876235,0.5,0,"uniform","2024","leave_out_tripcom","tripcom","floor",3,351
"HWYNN001","agoda+priceline | booking_via_agoda",2,-320.674357128778,14.7019765736324,0.00281741865890485,1.6000072294123e-11,1.68845283824158,0.5,0,"uniform","2024","leave_out_tripcom","tripcom","floor",3,351
"HWYNN001","agoda+booking_via_agoda+priceline",1,-335.37633370241,0,1.16108519518955e-09,0,NA,0.5,0,"uniform","2024","leave_out_tripcom","tripcom","floor",3,351
"HWYNN001","agoda+booking_via_agoda | priceline",2,-336.892368807957,-1.51603510554696,2.54951990358331e-10,1.46071247735341e-11,2.08713421739408,0.5,0,"uniform","2024","leave_out_tripcom","tripcom","floor",3,351
"HWYNN001","agoda | booking_via_agoda+priceline",2,-319.976483019955,11.7951157547924,0.796151050618489,1.61346762809405e-11,1.70482953349129,0.5,0,"uniform","2024","leave_out_tripcom","tripcom","round",3,351
"HWYNN001","agoda | booking_via_agoda | priceline",3,-321.477950255929,10.2936485188192,0.17738485495773,8.24118372096303e-12,1.78943501908441,0.5,0,"uniform","2024","leave_out_tripcom","tripcom","round",3,351
"HWYNN001","agoda+priceline | booking_via_agoda",2,-323.380756841028,8.39084193371957,0.0264568501288849,1.71198768046641e-11,1.79463875730593,0.5,0,"uniform","2024","leave_out_tripcom","tripcom","round",3,351
"HWYNN001","agoda+booking_via_agoda+priceline",1,-331.771598774748,0,6.00401525224412e-06,0,NA,0.5,0,"uniform","2024","leave_out_tripcom","tripcom","round",3,351
"HWYNN001","agoda+booking_via_agoda | priceline",2,-333.348690373921,-1.57709159917323,1.24027962092555e-06,1.42424569688129e-11,2.10770350012957,0.5,0,"uniform","2024","leave_out_tripcom","tripcom","round",3,351
"HWYNN001","agoda+booking_via_agoda | priceline+tripcom",2,-437.147294801374,8.96037739173056,0.487251697872465,1.63971994290933e-11,1.67826523861575,0.5,0,"uniform","2025","all_sources",NA,"ceiling",4,447
"HWYNN001","agoda+booking_via_agoda | priceline | tripcom",3,-438.470463236876,7.63720895622856,0.12975037179084,3.67088206747264e-12,1.50945973664738,0.5,0,"uniform","2025","all_sources",NA,"ceiling",4,447
"HWYNN001","agoda+booking_via_agoda+priceline | tripcom",2,-438.718639898996,7.38903229410863,0.101234106959232,1.62823011968371e-11,1.67280840775553,0.5,0,"uniform","2025","all_sources",NA,"ceiling",4,447
"HWYNN001","agoda | booking_via_agoda | priceline+tripcom",3,-438.835701711491,7.27197048161378,0.0900507961576443,7.11513804137947e-12,1.6867349997584,0.5,0,"uniform","2025","all_sources",NA,"ceiling",4,447
"HWYNN001","agoda+priceline+tripcom | booking_via_agoda",2,-438.983402939187,7.12426925391793,0.0776858154347709,1.69636669571521e-11,1.71592170104977,0.5,0,"uniform","2025","all_sources",NA,"ceiling",4,447
"HWYNN001","agoda+priceline | booking_via_agoda | tripcom",3,-439.871047064221,6.23662512888404,0.0319773730382557,6.31186504356658e-12,1.64128735573433,0.5,0,"uniform","2025","all_sources",NA,"ceiling",4,447
"HWYNN001","agoda | booking_via_agoda | priceline | tripcom",4,-440.124710921975,5.98296127112997,0.0248129253875555,7.27702635235068e-11,1.55332048941662,0.5,0,"uniform","2025","all_sources",NA,"ceiling",4,447
"HWYNN001","agoda+tripcom | booking_via_agoda | priceline",3,-440.233518301054,5.87415389205051,0.0222547912676846,4.7555347105554e-12,1.53334154431717,0.5,0,"uniform","2025","all_sources",NA,"ceiling",4,447
"HWYNN001","agoda | booking_via_agoda+priceline | tripcom",3,-440.445407706916,5.66226448618931,0.0180053316613088,7.00980095221666e-12,1.68212575081033,0.5,0,"uniform","2025","all_sources",NA,"ceiling",4,447
"HWYNN001","agoda+tripcom | booking_via_agoda+priceline",2,-440.510821214685,5.59685097841992,0.0168652351192962,1.68920121254073e-11,1.71018075309363,0.5,0,"uniform","2025","all_sources",NA,"ceiling",4,447
"HWYNN001","agoda+booking_via_agoda+priceline+tripcom",1,-446.107672193105,0,6.25620403650125e-05,0,NA,0.5,0,"uniform","2025","all_sources",NA,"ceiling",4,447
"HWYNN001","agoda+booking_via_agoda+tripcom | priceline",2,-446.930533409455,-0.82286121634985,2.74755768051027e-05,1.44606718379484e-11,1.54852107756792,0.5,0,"uniform","2025","all_sources",NA,"ceiling",4,447
"HWYNN001","agoda | booking_via_agoda+priceline+tripcom",2,-448.007813739465,-1.90014154636015,9.35599359257727e-06,1.67175555293738e-11,1.81502164757937,0.5,0,"uniform","2025","all_sources",NA,"ceiling",4,447
"HWYNN001","agoda+priceline | booking_via_agoda+tripcom",2,-448.293425900325,-2.18575370722027,7.03153479677893e-06,1.63786883760259e-11,1.74290344641097,0.5,0,"uniform","2025","all_sources",NA,"ceiling",4,447
"HWYNN001","agoda | booking_via_agoda+tripcom | priceline",3,-448.608693001695,-2.50102080858989,5.13016540650122e-06,5.58895312228323e-12,1.5912823380368,0.5,0,"uniform","2025","all_sources",NA,"ceiling",4,447
"HWYNN001","agoda+priceline+tripcom | booking_via_agoda",2,-425.765305937298,23.3392664908333,0.352865670280713,1.30856285469169e-11,1.54976666904009,0.5,0,"uniform","2025","all_sources",NA,"floor",4,447
"HWYNN001","agoda | booking_via_agoda | priceline+tripcom",3,-426.639097024307,22.4654754038244,0.147274230143386,4.8109347973443e-12,1.45345909288246,0.5,0,"uniform","2025","all_sources",NA,"floor",4,447
"HWYNN001","agoda+priceline | booking_via_agoda | tripcom",3,-426.738890528458,22.3656818996729,0.133286754466114,4.55491533109561e-12,1.43610761100054,0.5,0,"uniform","2025","all_sources",NA,"floor",4,447
"HWYNN001","agoda+tripcom | booking_via_agoda | priceline",3,-427.081261498139,22.0233109299925,0.0946448898487272,1.27201863433622e-12,1.42381518259932,0.5,0,"uniform","2025","all_sources",NA,"floor",4,447
"HWYNN001","agoda+booking_via_agoda | priceline+tripcom",2,-427.216640873698,21.8879315544331,0.0826613805639956,1.1818855969126e-11,1.50964929857034,0.5,0,"uniform","2025","all_sources",NA,"floor",4,447
"HWYNN001","agoda+tripcom | booking_via_agoda+priceline",2,-427.392969235063,21.7116031930686,0.0692985615618737,1.26526272742896e-11,1.53637011031575,0.5,0,"uniform","2025","all_sources",NA,"floor",4,447
"HWYNN001","agoda | booking_via_agoda | priceline | tripcom",4,-427.837963126146,21.2666093019852,0.0444084718297903,5.99292289903238e-11,1.38147665071502,0.5,0,"uniform","2025","all_sources",NA,"floor",4,447
"HWYNN001","agoda | booking_via_agoda+priceline | tripcom",3,-428.207951561742,20.8966208663891,0.0306748107978285,4.24883775619366e-12,1.44338986525219,0.5,0,"uniform","2025","all_sources",NA,"floor",4,447
"HWYNN001","agoda+booking_via_agoda | priceline | tripcom",3,-428.468458582868,20.636113845263,0.0236398725560162,1.25368408969388e-12,1.39675413219346,0.5,0,"uniform","2025","all_sources",NA,"floor",4,447
"HWYNN001","agoda+booking_via_agoda+priceline | tripcom",2,-428.575254964405,20.5293174637266,0.0212453579045429,1.14170319804039e-11,1.49578568771878,0.5,0,"uniform","2025","all_sources",NA,"floor",4,447
"HWYNN001","agoda+booking_via_agoda+priceline+tripcom",1,-449.104572428131,0,2.5792578439829e-11,0,NA,0.5,0,"uniform","2025","all_sources",NA,"floor",4,447
"HWYNN001","agoda+booking_via_agoda+tripcom | priceline",2,-450.294740587395,-1.19016815926403,7.84533144041374e-12,1.09510867835506e-10,1.49564947002882,0.5,0,"uniform","2025","all_sources",NA,"floor",4,447
"HWYNN001","agoda+priceline | booking_via_agoda+tripcom",2,-450.484314966683,-1.37974253855225,6.49053040982996e-12,1.15948975553826e-11,1.54244312549424,0.5,0,"uniform","2025","all_sources",NA,"floor",4,447
"HWYNN001","agoda | booking_via_agoda+priceline+tripcom",2,-450.780520241979,-1.67594781384736,4.82658403985291e-12,1.15942645777361e-11,1.56095229721927,0.5,0,"uniform","2025","all_sources",NA,"floor",4,447
"HWYNN001","agoda | booking_via_agoda+tripcom | priceline",3,-451.644368188379,-2.53979576024818,2.03458330322451e-12,1.18624621764646e-12,1.43426203508042,0.5,0,"uniform","2025","all_sources",NA,"floor",4,447
"HWYNN001","agoda+priceline+tripcom | booking_via_agoda",2,-435.967353177034,11.7528313375991,0.300183878854576,1.60873518658811e-11,1.66019382016103,0.5,0,"uniform","2025","all_sources",NA,"round",4,447
"HWYNN001","agoda+booking_via_agoda | priceline+tripcom",2,-436.235473442111,11.484711072522,0.229585371934662,1.52855129929045e-11,1.62674268278748,0.5,0,"uniform","2025","all_sources",NA,"round",4,447
"HWYNN001","agoda | booking_via_agoda | priceline+tripcom",3,-436.978219287272,10.7419652273605,0.109238012894708,5.00254016431034e-12,1.58244572571153,0.5,0,"uniform","2025","all_sources",NA,"round",4,447
"HWYNN001","agoda+tripcom | booking_via_agoda | priceline",3,-437.329084424287,10.3911000903463,0.0769121582852488,3.22156062949296e-12,1.49724682964736,0.5,0,"uniform","2025","all_sources",NA,"round",4,447
"HWYNN001","agoda+priceline | booking_via_agoda | tripcom",3,-437.437086609121,10.2830979055121,0.0690383249404094,4.71294131519866e-12,1.55410971689981,0.5,0,"uniform","2025","all_sources",NA,"round",4,447
"HWYNN001","agoda+booking_via_agoda | priceline | tripcom",3,-437.609278431975,10.1109060826581,0.0581176823812432,2.44364595369938e-12,1.47584686582328,0.5,0,"uniform","2025","all_sources",NA,"round",4,447
"HWYNN001","agoda+tripcom | booking_via_agoda+priceline",2,-437.619421768465,10.1007627461673,0.0575311548745591,1.59073237235539e-11,1.65206228792374,0.5,0,"uniform","2025","all_sources",NA,"round",4,447
"HWYNN001","agoda+booking_via_agoda+priceline | tripcom",2,-437.763862323614,9.95632219101878,0.0497935804864306,1.50726617276983e-11,1.61928848815502,0.5,0,"uniform","2025","all_sources",NA,"round",4,447
"HWYNN001","agoda | booking_via_agoda | priceline | tripcom",4,-438.302734406548,9.41745010808455,0.0290498693797112,6.64989344583167e-11,1.47823202840481,0.5,0,"uniform","2025","all_sources",NA,"round",4,447
"HWYNN001","agoda | booking_via_agoda+priceline | tripcom",3,-438.649092947271,9.07109156736192,0.0205457775162881,4.91636409056338e-12,1.57657078810271,0.5,0,"uniform","2025","all_sources",NA,"round",4,447
"HWYNN001","agoda+booking_via_agoda+priceline+tripcom",1,-447.720184514633,0,2.361552301749e-06,0,NA,0.5,0,"uniform","2025","all_sources",NA,"round",4,447
"HWYNN001","agoda+booking_via_agoda+tripcom | priceline",2,-448.681981059949,-0.961796545316588,9.02598559508017e-07,1.48227297514497e-11,1.5301053351883,0.5,0,"uniform","2025","all_sources",NA,"round",4,447
"HWYNN001","agoda+priceline | booking_via_agoda+tripcom",2,-449.432407768974,-1.71222325434104,4.2617547833654e-07,1.41718969568126e-11,1.63885386643798,0.5,0,"uniform","2025","all_sources",NA,"round",4,447
"HWYNN001","agoda | booking_via_agoda+priceline+tripcom",2,-449.691144065255,-1.97095955062213,3.2901879807853e-07,1.46134546469194e-11,1.68080230329988,0.5,0,"uniform","2025","all_sources",NA,"round",4,447
"HWYNN001","agoda | booking_via_agoda+tripcom | priceline",3,-450.35672725478,-2.63654274014738,1.69107007770978e-07,2.26657798734539e-12,1.50959063468775,0.5,0,"uniform","2025","all_sources",NA,"round",4,447
"HWYNN001","booking_via_agoda | priceline+tripcom",2,-411.666139442016,8.90533114683171,0.681996929453915,1.64406102730824e-11,1.68201813230667,0.5,0,"uniform","2025","leave_out_agoda","agoda","ceiling",3,421
"HWYNN001","booking_via_agoda | priceline | tripcom",3,-412.990198837006,7.58127175184171,0.181447392022879,3.74534263126529e-12,1.51176288910436,0.5,0,"uniform","2025","leave_out_agoda","agoda","ceiling",3,421
"HWYNN001","booking_via_agoda+priceline | tripcom",2,-413.275400625822,7.2960699630259,0.136423493697358,1.63094776938268e-11,1.67542873171546,0.5,0,"uniform","2025","leave_out_agoda","agoda","ceiling",3,421
"HWYNN001","booking_via_agoda+priceline+tripcom",1,-420.571470588848,0,9.25222621743635e-05,0,NA,0.5,0,"uniform","2025","leave_out_agoda","agoda","ceiling",3,421
"HWYNN001","booking_via_agoda+tripcom | priceline",2,-421.418512114629,-0.847041525781094,3.96625636594089e-05,1.45289543279991e-11,1.54547337837284,0.5,0,"uniform","2025","leave_out_agoda","agoda","ceiling",3,421
"HWYNN001","booking_via_agoda | priceline+tripcom",2,-399.164155979364,23.8427975512191,0.669711787362249,1.23028077968104e-11,1.52694188486594,0.5,0,"uniform","2025","leave_out_agoda","agoda","floor",3,421
"HWYNN001","booking_via_agoda | priceline | tripcom",3,-400.418890566763,22.5880629638206,0.190969334790449,1.15053491402176e-12,1.40780343558392,0.5,0,"uniform","2025","leave_out_agoda","agoda","floor",3,421
"HWYNN001","booking_via_agoda+priceline | tripcom",2,-400.734238040396,22.2727154901872,0.139318877808443,1.18276494514281e-11,1.51157747688396,0.5,0,"uniform","2025","leave_out_agoda","agoda","floor",3,421
"HWYNN001","booking_via_agoda+priceline+tripcom",1,-423.006953530583,0,2.95864278455699e-11,0,NA,0.5,0,"uniform","2025","leave_out_agoda","agoda","floor",3,421
"HWYNN001","booking_via_agoda+tripcom | priceline",2,-424.164282857183,-1.15732932659949,9.29973970304774e-12,1.1354556500748e-10,1.50101633059196,0.5,0,"uniform","2025","leave_out_agoda","agoda","floor",3,421
"HWYNN001","booking_via_agoda | priceline+tripcom",2,-409.17483810828,12.4305263038539,0.694221315113436,1.55719829136493e-11,1.63961540528235,0.5,0,"uniform","2025","leave_out_agoda","agoda","round",3,421
"HWYNN001","booking_via_agoda | priceline | tripcom",3,-410.551411702528,11.0539527096057,0.175250646211874,2.68954716468912e-12,1.48386820094574,0.5,0,"uniform","2025","leave_out_agoda","agoda","round",3,421
"HWYNN001","booking_via_agoda+priceline | tripcom",2,-410.846070382272,10.7592940298617,0.130524184774573,1.53391156812685e-11,1.63079946163122,0.5,0,"uniform","2025","leave_out_agoda","agoda","round",3,421
"HWYNN001","booking_via_agoda+priceline+tripcom",1,-421.605364412133,0,2.77324962566481e-06,0,NA,0.5,0,"uniform","2025","leave_out_agoda","agoda","round",3,421
"HWYNN001","booking_via_agoda+tripcom | priceline",2,-422.547821052756,-0.942456640622993,1.08065046477162e-06,1.47791085021641e-11,1.53280050601618,0.5,0,"uniform","2025","leave_out_agoda","agoda","round",3,421
"HWYNN001","agoda+priceline+tripcom",1,-205.152361022105,0,0.381667933964192,0,NA,0.5,0,"uniform","2025","leave_out_booking_via_agoda","booking_via_agoda","ceiling",3,205
"HWYNN001","agoda | priceline+tripcom",2,-205.303808543115,-0.151447521010084,0.328029461742108,1.37937826114594e-11,1.64112377458887,0.5,0,"uniform","2025","leave_out_booking_via_agoda","booking_via_agoda","ceiling",3,205
"HWYNN001","agoda+priceline | tripcom",2,-206.330191494051,-1.17783047194607,0.117533156387408,1.25533206984433e-11,1.57811080632248,0.5,0,"uniform","2025","leave_out_booking_via_agoda","booking_via_agoda","ceiling",3,205
"HWYNN001","agoda | priceline | tripcom",3,-206.620737294665,-1.46837627255977,0.087897791144178,1.74097640374239e-12,1.48493863962914,0.5,0,"uniform","2025","leave_out_booking_via_agoda","booking_via_agoda","ceiling",3,205
"HWYNN001","agoda+tripcom | priceline",2,-206.655771774884,-1.50341075277896,0.0848716567621141,6.26132648819001e-11,1.42841650920563,0.5,0,"uniform","2025","leave_out_booking_via_agoda","booking_via_agoda","ceiling",3,205
"HWYNN001","agoda+priceline+tripcom",1,-191.850345576742,0,0.533539299342375,0,NA,0.5,0,"uniform","2025","leave_out_booking_via_agoda","booking_via_agoda","floor",3,205
"HWYNN001","agoda | priceline+tripcom",2,-193.034361488696,-1.18401591195396,0.163288213324528,5.61459455657461e-11,1.32781223313316,0.5,0,"uniform","2025","leave_out_booking_via_agoda","booking_via_agoda","floor",3,205
"HWYNN001","agoda+priceline | tripcom",2,-193.126994572579,-1.27664899583644,0.148841761079513,5.05112612970724e-11,1.30630939129239,0.5,0,"uniform","2025","leave_out_booking_via_agoda","booking_via_agoda","floor",3,205
"HWYNN001","agoda+tripcom | priceline",2,-193.459184457273,-1.60883888053064,0.106771800430192,1.83217728559422e-11,1.28661432132988,0.5,0,"uniform","2025","leave_out_booking_via_agoda","booking_via_agoda","floor",3,205
"HWYNN001","agoda | priceline | tripcom",3,-194.267908822166,-2.41756324542328,0.0475589258234037,3.73155265549546e-12,1.27664173951126,0.5,0,"uniform","2025","leave_out_booking_via_agoda","booking_via_agoda","floor",3,205
"HWYNN001","agoda+priceline+tripcom",1,-202.112165947583,0,0.585210442971492,0,NA,0.5,0,"uniform","2025","leave_out_booking_via_agoda","booking_via_agoda","round",3,205
"HWYNN001","agoda | priceline+tripcom",2,-203.42103650923,-1.30887056164687,0.158079955496177,1.15941283769788e-11,1.49743851731908,0.5,0,"uniform","2025","leave_out_booking_via_agoda","booking_via_agoda","round",3,205
"HWYNN001","agoda+tripcom | priceline",2,-203.738228848509,-1.62606290092535,0.115112350600917,4.15318747825786e-11,1.38090691661606,0.5,0,"uniform","2025","leave_out_booking_via_agoda","booking_via_agoda","round",3,205
"HWYNN001","agoda+priceline | tripcom",2,-203.871675535115,-1.75950958753114,0.100731839007473,1.17768326929025e-11,1.45984233158464,0.5,0,"uniform","2025","leave_out_booking_via_agoda","booking_via_agoda","round",3,205
"HWYNN001","agoda | priceline | tripcom",3,-204.773853430669,-2.66168748308596,0.0408654119239372,1.78162494312065e-12,1.39253107300987,0.5,0,"uniform","2025","leave_out_booking_via_agoda","booking_via_agoda","round",3,205
"HWYNN001","agoda+booking_via_agoda | tripcom",2,-426.493090177806,8.17533231249956,0.736194089305273,1.64463194606023e-11,1.68273183139368,0.5,0,"uniform","2025","leave_out_priceline","priceline","ceiling",3,436
"HWYNN001","agoda | booking_via_agoda | tripcom",3,-428.181225368044,6.48719712226188,0.136095739097448,7.16914221102669e-12,1.68986671726671,0.5,0,"uniform","2025","leave_out_priceline","priceline","ceiling",3,436
"HWYNN001","agoda+tripcom | booking_via_agoda",2,-428.24668194636,6.42174054394536,0.127472674464671,1.70082798844223e-11,1.72156155524894,0.5,0,"uniform","2025","leave_out_priceline","priceline","ceiling",3,436
"HWYNN001","agoda+booking_via_agoda+tripcom",1,-434.668422490306,0,0.000207248127447992,0,NA,0.5,0,"uniform","2025","leave_out_priceline","priceline","ceiling",3,436
"HWYNN001","agoda | booking_via_agoda+tripcom",2,-436.592875951599,-1.92445346129307,3.02490051837558e-05,1.67332570257704e-11,1.82087624606943,0.5,0,"uniform","2025","leave_out_priceline","priceline","ceiling",3,436
"HWYNN001","agoda+tripcom | booking_via_agoda",2,-415.132054293184,22.9149724661652,0.591655198320194,1.2943625016932e-11,1.54618356113299,0.5,0,"uniform","2025","leave_out_priceline","priceline","floor",3,436
"HWYNN001","agoda | booking_via_agoda | tripcom",3,-415.948277759509,22.0987489998398,0.261569641518413,4.56530055499297e-12,1.449674763743,0.5,0,"uniform","2025","leave_out_priceline","priceline","floor",3,436
"HWYNN001","agoda+booking_via_agoda | tripcom",2,-416.526076430501,21.520950328848,0.146775160082476,1.16263260082052e-11,1.50396998188762,0.5,0,"uniform","2025","leave_out_priceline","priceline","floor",3,436
"HWYNN001","agoda+booking_via_agoda+tripcom",1,-438.047026759349,0,6.61032160981376e-11,0,NA,0.5,0,"uniform","2025","leave_out_priceline","priceline","floor",3,436
"HWYNN001","agoda | booking_via_agoda+tripcom",2,-439.689351948366,-1.64232518901662,1.27929240784066e-11,1.16627931319357e-11,1.56493120880807,0.5,0,"uniform","2025","leave_out_priceline","priceline","floor",3,436
"HWYNN001","agoda+tripcom | booking_via_agoda",2,-425.356362958912,11.0691410231705,0.474652927379684,1.61201702092283e-11,1.66291617478905,0.5,0,"uniform","2025","leave_out_priceline","priceline","round",3,436
"HWYNN001","agoda+booking_via_agoda | tripcom",2,-425.644082074055,10.781421908027,0.355976508962475,1.529785174217e-11,1.62857122310512,0.5,0,"uniform","2025","leave_out_priceline","priceline","round",3,436
"HWYNN001","agoda | booking_via_agoda | tripcom",3,-426.386907706641,10.0385962754415,0.169362114168326,5.01556516988636e-12,1.58366740427833,0.5,0,"uniform","2025","leave_out_priceline","priceline","round",3,436
"HWYNN001","agoda+booking_via_agoda+tripcom",1,-436.425503982082,0,7.39791433283406e-06,0,NA,0.5,0,"uniform","2025","leave_out_priceline","priceline","round",3,436
"HWYNN001","agoda | booking_via_agoda+tripcom",2,-438.376412906413,-1.95090892433041,1.05157515662783e-06,1.47161071004645e-11,1.68584565037898,0.5,0,"uniform","2025","leave_out_priceline","priceline","round",3,436
"HWYNN001","agoda+booking_via_agoda+priceline",1,-270.13557323203,0,0.402714999641191,0,NA,0.5,0,"uniform","2025","leave_out_tripcom","tripcom","ceiling",3,279
"HWYNN001","agoda+booking_via_agoda | priceline",2,-270.202182897408,-0.0666096653774275,0.376764170572732,1.31076955730036e-11,1.63171472771345,0.5,0,"uniform","2025","leave_out_tripcom","tripcom","ceiling",3,279
"HWYNN001","agoda+priceline | booking_via_agoda",2,-271.565659866398,-1.43008663436763,0.0963649436579277,1.68516212346731e-11,1.84475482310689,0.5,0,"uniform","2025","leave_out_tripcom","tripcom","ceiling",3,279
"HWYNN001","agoda | booking_via_agoda | priceline",3,-271.902250886622,-1.76667765459223,0.0688239269732038,8.39089700063285e-12,1.65480343782535,0.5,0,"uniform","2025","leave_out_tripcom","tripcom","ceiling",3,279
"HWYNN001","agoda | booking_via_agoda+priceline",2,-272.120451682044,-1.98487845001398,0.0553319591549459,1.64625565049226e-11,1.91596571967956,0.5,0,"uniform","2025","leave_out_tripcom","tripcom","ceiling",3,279
"HWYNN001","agoda+priceline | booking_via_agoda",2,-271.032788777528,1.51151719600733,0.517375877081627,1.47352964666214e-11,1.67636575650618,0.5,0,"uniform","2025","leave_out_tripcom","tripcom","floor",3,279
"HWYNN001","agoda | booking_via_agoda | priceline",3,-272.216877320905,0.327428652630317,0.158329942911011,2.2423081942415e-12,1.51929912285959,0.5,0,"uniform","2025","leave_out_tripcom","tripcom","floor",3,279
"HWYNN001","agoda | booking_via_agoda+priceline",2,-272.495781488421,0.0485244851143989,0.119794399330737,1.43955754160708e-11,1.69109906281965,0.5,0,"uniform","2025","leave_out_tripcom","tripcom","floor",3,279
"HWYNN001","agoda+booking_via_agoda+priceline",1,-272.544305973536,0,0.114120219449323,0,NA,0.5,0,"uniform","2025","leave_out_tripcom","tripcom","floor",3,279
"HWYNN001","agoda+booking_via_agoda | priceline",2,-272.777540273632,-0.233234300096626,0.0903795612272753,1.3351817217693e-11,1.61540805691876,0.5,0,"uniform","2025","leave_out_tripcom","tripcom","floor",3,279
"HWYNN001","agoda+priceline | booking_via_agoda",2,-271.587562945063,0.0270856304434233,0.286846994732642,1.61662841226898e-11,1.74686235637711,0.5,0,"uniform","2025","leave_out_tripcom","tripcom","round",3,279
"HWYNN001","agoda+booking_via_agoda+priceline",1,-271.614648575507,0,0.279181839432193,0,NA,0.5,0,"uniform","2025","leave_out_tripcom","tripcom","round",3,279
"HWYNN001","agoda+booking_via_agoda | priceline",2,-271.781964705404,-0.167316129897131,0.236168892169956,1.32510580645051e-11,1.62195858861343,0.5,0,"uniform","2025","leave_out_tripcom","tripcom","round",3,279
"HWYNN001","agoda | booking_via_agoda | priceline",3,-272.53275994353,-0.918111368023233,0.111469605322693,4.47649516861598e-12,1.57759773872481,0.5,0,"uniform","2025","leave_out_tripcom","tripcom","round",3,279
"HWYNN001","agoda | booking_via_agoda+priceline",2,-272.788303828861,-1.17365525335396,0.0863326683424887,1.62370662888938e-11,1.78659211059356,0.5,0,"uniform","2025","leave_out_tripcom","tripcom","round",3,279
"HWYNN001","agoda+priceline | booking_via_agoda | tripcom",3,-899.125330639516,28.8243616727458,0.282312967873023,7.09944788298232e-12,1.64878560999156,0.5,0,"uniform","pooled","all_sources",NA,"ceiling",4,939
"HWYNN001","agoda | booking_via_agoda+priceline | tripcom",3,-899.481754191195,28.4679381210663,0.197668763662566,6.76033519534907e-12,1.63693177913271,0.5,0,"uniform","pooled","all_sources",NA,"ceiling",4,939
"HWYNN001","agoda+tripcom | booking_via_agoda+priceline",2,-899.54766263553,28.4020296767316,0.185060773157495,1.73614378395931e-11,1.74096978908855,0.5,0,"uniform","pooled","all_sources",NA,"ceiling",4,939
"HWYNN001","agoda+priceline+tripcom | booking_via_agoda",2,-900.098155663652,27.8515366486096,0.106718149960544,1.7424297441123e-11,1.75762574352105,0.5,0,"uniform","pooled","all_sources",NA,"ceiling",4,939
"HWYNN001","agoda | booking_via_agoda | priceline+tripcom",3,-900.533288718109,27.4164035941526,0.0690656976951146,7.12188356098087e-12,1.65221195169321,0.5,0,"uniform","pooled","all_sources",NA,"ceiling",4,939
"HWYNN001","agoda | booking_via_agoda | priceline | tripcom",4,-900.592767465488,27.3569248467736,0.0650775375741524,4.09194290457897e-11,1.63811255335773,0.5,0,"uniform","pooled","all_sources",NA,"ceiling",4,939
"HWYNN001","agoda+tripcom | booking_via_agoda | priceline",3,-900.711453454057,27.2382388582041,0.057794490794379,7.66853713544505e-12,1.71028194039553,0.5,0,"uniform","pooled","all_sources",NA,"ceiling",4,939
"HWYNN001","agoda+booking_via_agoda+priceline | tripcom",2,-901.598321086274,26.3513712259876,0.0238080991674835,1.66673632864181e-11,1.67796685212552,0.5,0,"uniform","pooled","all_sources",NA,"ceiling",4,939
"HWYNN001","agoda+booking_via_agoda | priceline+tripcom",2,-902.880868544091,25.0688237681708,0.00660269808415748,1.69800878224905e-11,1.69936662256662,0.5,0,"uniform","pooled","all_sources",NA,"ceiling",4,939
"HWYNN001","agoda+booking_via_agoda | priceline | tripcom",3,-902.994951358455,24.9547409538064,0.00589082203099629,6.70213804143735e-12,1.66599130563867,0.5,0,"uniform","pooled","all_sources",NA,"ceiling",4,939
"HWYNN001","agoda+booking_via_agoda+priceline+tripcom",1,-927.949692312262,0,8.55991808749352e-14,0,NA,0.5,0,"uniform","pooled","all_sources",NA,"ceiling",4,939
"HWYNN001","agoda | booking_via_agoda+priceline+tripcom",2,-929.792288036827,-1.84259572456563,1.35593993975906e-14,1.71734802322167e-11,1.75443678123378,0.5,0,"uniform","pooled","all_sources",NA,"ceiling",4,939
"HWYNN001","agoda+booking_via_agoda+tripcom | priceline",2,-929.973978885844,-2.02428657358257,1.13066284281014e-14,1.6654084460774e-11,1.81761187696147,0.5,0,"uniform","pooled","all_sources",NA,"ceiling",4,939
"HWYNN001","agoda+priceline | booking_via_agoda+tripcom",2,-930.018550489585,-2.06885817732359,1.08137398788519e-14,1.72928127166387e-11,1.7686077164699,0.5,0,"uniform","pooled","all_sources",NA,"ceiling",4,939
"HWYNN001","agoda | booking_via_agoda+tripcom | priceline",3,-931.5416536851,-3.591961372838,2.35776548246143e-15,7.57067737743548e-12,1.7162550044582,0.5,0,"uniform","pooled","all_sources",NA,"ceiling",4,939
"HWYNN001","agoda+tripcom | booking_via_agoda+priceline",2,-870.102977850333,68.9957113282198,0.675694555326825,1.39274781741159e-11,1.56443374534758,0.5,0,"uniform","pooled","all_sources",NA,"floor",4,939
"HWYNN001","agoda+tripcom | booking_via_agoda | priceline",3,-871.275695888106,67.8229932904469,0.209144017776116,5.18966017255518e-12,1.58732127429625,0.5,0,"uniform","pooled","all_sources",NA,"floor",4,939
"HWYNN001","agoda | booking_via_agoda+priceline | tripcom",3,-872.382040949516,66.7166482290371,0.0691776638313783,3.46379157821846e-12,1.389491887155,0.5,0,"uniform","pooled","all_sources",NA,"floor",4,939
"HWYNN001","agoda | booking_via_agoda | priceline | tripcom",4,-873.5253979935,65.5732911850529,0.0220501849482295,4.29673607718812e-11,1.44269688296434,0.5,0,"uniform","pooled","all_sources",NA,"floor",4,939
"HWYNN001","agoda+priceline+tripcom | booking_via_agoda",2,-873.779205142264,65.3194840362895,0.017107446572071,1.48033313730534e-11,1.5933130060099,0.5,0,"uniform","pooled","all_sources",NA,"floor",4,939
"HWYNN001","agoda+priceline | booking_via_agoda | tripcom",3,-874.968337513254,64.1303516652989,0.00520896651152723,6.96420743610208e-11,1.4370229538506,0.5,0,"uniform","pooled","all_sources",NA,"floor",4,939
"HWYNN001","agoda | booking_via_agoda | priceline+tripcom",3,-876.138044495932,62.9606446826208,0.00161716479121579,4.65551529275642e-12,1.41100612604236,0.5,0,"uniform","pooled","all_sources",NA,"floor",4,939
"HWYNN001","agoda+booking_via_agoda+priceline | tripcom",2,-892.04871304618,47.0499761323736,1.9899342297463e-10,1.23111100289348e-11,1.51526690395191,0.5,0,"uniform","pooled","all_sources",NA,"floor",4,939
"HWYNN001","agoda+booking_via_agoda | priceline | tripcom",3,-893.640178091213,45.4585110873406,4.05204477236013e-11,9.97919612341549e-11,1.55058498645757,0.5,0,"uniform","pooled","all_sources",NA,"floor",4,939
"HWYNN001","agoda+booking_via_agoda | priceline+tripcom",2,-896.210644785524,42.8880443930293,3.09980756716198e-12,1.33853300597648e-11,1.54827753239263,0.5,0,"uniform","pooled","all_sources",NA,"floor",4,939
"HWYNN001","agoda | booking_via_agoda+priceline+tripcom",2,-931.425719204921,7.67296997363223,1.57623959941972e-27,1.08422812621225e-11,1.4728445262072,0.5,0,"uniform","pooled","all_sources",NA,"floor",4,939
"HWYNN001","agoda | booking_via_agoda+tripcom | priceline",3,-933.176846163085,5.92184301546865,2.7360086048405e-28,8.70621861279522e-11,1.51820085078592,0.5,0,"uniform","pooled","all_sources",NA,"floor",4,939
"HWYNN001","agoda+priceline | booking_via_agoda+tripcom",2,-934.568141138504,4.53054804004978,6.80590258162683e-29,1.27984100231489e-11,1.54333520822693,0.5,0,"uniform","pooled","all_sources",NA,"floor",4,939
"HWYNN001","agoda+booking_via_agoda+priceline+tripcom",1,-939.098689178553,0,7.3332031210557e-31,0,NA,0.5,0,"uniform","pooled","all_sources",NA,"floor",4,939
"HWYNN001","agoda+booking_via_agoda+tripcom | priceline",2,-941.02974290705,-1.93105372849675,1.0632802229541e-31,1.61713943720511e-11,1.75942685953326,0.5,0,"uniform","pooled","all_sources",NA,"floor",4,939
"HWYNN001","agoda+tripcom | booking_via_agoda+priceline",2,-892.599325722839,40.2939738486548,0.558737528967301,1.6770433313189e-11,1.68190467724386,0.5,0,"uniform","pooled","all_sources",NA,"round",4,939
"HWYNN001","agoda+tripcom | booking_via_agoda | priceline",3,-893.76426209646,39.1290374750341,0.17429398675555,6.79856541595065e-12,1.66974382385775,0.5,0,"uniform","pooled","all_sources",NA,"round",4,939
"HWYNN001","agoda+priceline+tripcom | booking_via_agoda",2,-893.961143463883,38.9321561076113,0.14314557008701,1.70468828935214e-11,1.70237225090793,0.5,0,"uniform","pooled","all_sources",NA,"round",4,939
"HWYNN001","agoda | booking_via_agoda+priceline | tripcom",3,-894.809159011795,38.0841405596994,0.0613040884944504,9.78226622901329e-11,1.53135495874213,0.5,0,"uniform","pooled","all_sources",NA,"round",4,939
"HWYNN001","agoda+priceline | booking_via_agoda | tripcom",3,-895.575700879248,37.3175986922461,0.0284829217195238,5.18871185099281e-12,1.56267180906954,0.5,0,"uniform","pooled","all_sources",NA,"round",4,939
"HWYNN001","agoda | booking_via_agoda | priceline | tripcom",4,-895.928865283794,36.9644342877001,0.0200081614977664,4.06892357372138e-11,1.55593477977487,0.5,0,"uniform","pooled","all_sources",NA,"round",4,939
"HWYNN001","agoda | booking_via_agoda | priceline+tripcom",3,-896.284178050272,36.6091215212219,0.0140248043149647,4.87382186261227e-12,1.54710760075176,0.5,0,"uniform","pooled","all_sources",NA,"round",4,939
"HWYNN001","agoda+booking_via_agoda+priceline | tripcom",2,-905.079507180593,27.8137923909011,2.12389920586004e-06,1.58545165251044e-11,1.63637587694693,0.5,0,"uniform","pooled","all_sources",NA,"round",4,939
"HWYNN001","agoda+booking_via_agoda | priceline | tripcom",3,-906.590690340207,26.302609231287,4.68635727744511e-07,6.09434716174244e-12,1.63675340864135,0.5,0,"uniform","pooled","all_sources",NA,"round",4,939
"HWYNN001","agoda+booking_via_agoda | priceline+tripcom",2,-906.89515164573,25.9981479257639,3.45628487012264e-07,1.63551539168531e-11,1.65940063267913,0.5,0,"uniform","pooled","all_sources",NA,"round",4,939
"HWYNN001","agoda | booking_via_agoda+priceline+tripcom",2,-930.119435561655,2.7738640098388,2.83420447477768e-17,1.4596774385891e-11,1.609541195208,0.5,0,"uniform","pooled","all_sources",NA,"round",4,939
"HWYNN001","agoda+priceline | booking_via_agoda+tripcom",2,-931.470351433637,1.42294813785679,7.340672871342e-18,1.58877139417331e-11,1.65392607272219,0.5,0,"uniform","pooled","all_sources",NA,"round",4,939
"HWYNN001","agoda | booking_via_agoda+tripcom | priceline",3,-931.877872464327,1.0154271071674,4.88373101296063e-18,5.53373284394536e-12,1.61631345932914,0.5,0,"uniform","pooled","all_sources",NA,"round",4,939
"HWYNN001","agoda+booking_via_agoda+priceline+tripcom",1,-932.893299571494,0,1.76912022043419e-18,0,NA,0.5,0,"uniform","pooled","all_sources",NA,"round",4,939
"HWYNN001","agoda+booking_via_agoda+tripcom | priceline",2,-934.911004304194,-2.01770473270039,2.35222745567805e-19,1.65410147714104e-11,1.79735166309239,0.5,0,"uniform","pooled","all_sources",NA,"round",4,939
"HWYNN001","booking_via_agoda+priceline | tripcom",2,-801.115462391759,30.0289426461151,0.601691762818403,1.69753145093318e-11,1.70113769760754,0.5,0,"uniform","pooled","leave_out_agoda","agoda","ceiling",3,843
"HWYNN001","booking_via_agoda | priceline+tripcom",2,-802.16561262495,28.9787924129241,0.210523031216775,1.72224535291922e-11,1.72448024446539,0.5,0,"uniform","pooled","leave_out_agoda","agoda","ceiling",3,843
"HWYNN001","booking_via_agoda | priceline | tripcom",3,-802.279908895853,28.864496142021,0.187785205964718,7.05511126882682e-12,1.68300110925772,0.5,0,"uniform","pooled","leave_out_agoda","agoda","ceiling",3,843
"HWYNN001","booking_via_agoda+priceline+tripcom",1,-831.144405037874,0,5.4697814924696e-14,0,NA,0.5,0,"uniform","pooled","leave_out_agoda","agoda","ceiling",3,843
"HWYNN001","booking_via_agoda+tripcom | priceline",2,-833.161945860412,-2.01754082253774,7.27382973944155e-15,1.66859771136603e-11,1.82603437180374,0.5,0,"uniform","pooled","leave_out_agoda","agoda","ceiling",3,843
"HWYNN001","booking_via_agoda+priceline | tripcom",2,-780.796663889303,58.7169439783675,0.750238341390066,1.3635631329142e-11,1.55807480771641,0.5,0,"uniform","pooled","leave_out_agoda","agoda","floor",3,843
"HWYNN001","booking_via_agoda | priceline | tripcom",3,-781.970109340033,57.543498527638,0.232048289368452,5.09692132856078e-12,1.58279699257657,0.5,0,"uniform","pooled","leave_out_agoda","agoda","floor",3,843
"HWYNN001","booking_via_agoda | priceline+tripcom",2,-784.542735155024,54.9708727126462,0.0177133692415116,1.47629265269146e-11,1.59458880619071,0.5,0,"uniform","pooled","leave_out_agoda","agoda","floor",3,843
"HWYNN001","booking_via_agoda+priceline+tripcom",1,-839.513607867671,0,2.37003353553563e-26,0,NA,0.5,0,"uniform","pooled","leave_out_agoda","agoda","floor",3,843
"HWYNN001","booking_via_agoda+tripcom | priceline",2,-841.516565128508,-2.00295726083777,3.19802022039902e-27,1.64535978463408e-11,1.78739947175962,0.5,0,"uniform","pooled","leave_out_agoda","agoda","floor",3,843
"HWYNN001","booking_via_agoda+priceline | tripcom",2,-798.146601031141,35.0111378185456,0.648615813857939,1.65675192828822e-11,1.67317762817732,0.5,0,"uniform","pooled","leave_out_agoda","agoda","round",3,843
"HWYNN001","booking_via_agoda | priceline | tripcom",3,-799.311936581709,33.8458022679786,0.202250094773681,6.64173935711586e-12,1.66370077946729,0.5,0,"uniform","pooled","leave_out_agoda","agoda","round",3,843
"HWYNN001","booking_via_agoda | priceline+tripcom",2,-799.616595762934,33.5411430867536,0.149134091368397,1.69575213566424e-11,1.69892623409508,0.5,0,"uniform","pooled","leave_out_agoda","agoda","round",3,843
"HWYNN001","booking_via_agoda+priceline+tripcom",1,-833.157738849687,0,4.0443019537865e-16,0,NA,0.5,0,"uniform","pooled","leave_out_agoda","agoda","round",3,843
"HWYNN001","booking_via_agoda+tripcom | priceline",2,-835.180372402723,-2.02263355303603,5.35087717513387e-17,1.66557290810549e-11,1.81814112165594,0.5,0,"uniform","pooled","leave_out_agoda","agoda","round",3,843
"HWYNN001","agoda+priceline | tripcom",2,-426.870357393676,0.690628502750542,0.462125885731855,1.30051310027537e-11,1.54980870695204,0.5,0,"uniform","pooled","leave_out_booking_via_agoda","booking_via_agoda","ceiling",3,429
"HWYNN001","agoda+priceline+tripcom",1,-427.560985896427,0,0.231645649489776,0,NA,0.5,0,"uniform","pooled","leave_out_booking_via_agoda","booking_via_agoda","ceiling",3,429
"HWYNN001","agoda | priceline+tripcom",2,-428.279289797233,-0.718303900806518,0.112945446787428,1.30206515395215e-11,1.55429010600428,0.5,0,"uniform","pooled","leave_out_booking_via_agoda","booking_via_agoda","ceiling",3,429
"HWYNN001","agoda | priceline | tripcom",3,-428.399307594979,-0.838321698552306,0.100171842141073,4.76575059469472e-12,1.56560270531399,0.5,0,"uniform","pooled","leave_out_booking_via_agoda","booking_via_agoda","ceiling",3,429
"HWYNN001","agoda+tripcom | priceline",2,-428.472400509151,-0.911414612723604,0.0931111758498825,1.3583596713666e-11,1.63158181919065,0.5,0,"uniform","pooled","leave_out_booking_via_agoda","booking_via_agoda","ceiling",3,429
"HWYNN001","agoda+tripcom | priceline",2,-398.997177032165,2.15315548962946,0.796274122545765,1.17449146395945e-11,1.46737538005881,0.5,0,"uniform","pooled","leave_out_booking_via_agoda","booking_via_agoda","floor",3,429
"HWYNN001","agoda+priceline+tripcom",1,-401.150332521794,0,0.092461099672972,0,NA,0.5,0,"uniform","pooled","leave_out_booking_via_agoda","booking_via_agoda","floor",3,429
"HWYNN001","agoda | priceline | tripcom",3,-401.254277856959,-0.103945335165122,0.0833328373039498,1.37604351556236e-12,1.33025107510513,0.5,0,"uniform","pooled","leave_out_booking_via_agoda","booking_via_agoda","floor",3,429
"HWYNN001","agoda+priceline | tripcom",2,-402.621262527857,-1.47093000606219,0.0212394012433457,4.92568629876101e-11,1.2787645149025,0.5,0,"uniform","pooled","leave_out_booking_via_agoda","booking_via_agoda","floor",3,429
"HWYNN001","agoda | priceline+tripcom",2,-403.776127175014,-2.62579465321932,0.00669253923394093,3.1821797028018e-11,1.24688277394789,0.5,0,"uniform","pooled","leave_out_booking_via_agoda","booking_via_agoda","floor",3,429
"HWYNN001","agoda+priceline+tripcom",1,-421.396796716611,0,0.451645675925793,0,NA,0.5,0,"uniform","pooled","leave_out_booking_via_agoda","booking_via_agoda","round",3,429
"HWYNN001","agoda+tripcom | priceline",2,-421.51391789884,-0.117121182229596,0.401728620540098,1.22229845085955e-11,1.57660442425967,0.5,0,"uniform","pooled","leave_out_booking_via_agoda","booking_via_agoda","round",3,429
"HWYNN001","agoda+priceline | tripcom",2,-423.289008837944,-1.89221212133305,0.0680801609414835,1.0975385975833e-11,1.43685090992936,0.5,0,"uniform","pooled","leave_out_booking_via_agoda","booking_via_agoda","round",3,429
"HWYNN001","agoda | priceline | tripcom",3,-423.707546457453,-2.31074974084231,0.0447973160827166,5.7357347471877e-12,1.46508971404143,0.5,0,"uniform","pooled","leave_out_booking_via_agoda","booking_via_agoda","round",3,429
"HWYNN001","agoda | priceline+tripcom",2,-423.990766818129,-2.59397010151764,0.0337482265099011,1.14830450196917e-11,1.41663317138856,0.5,0,"uniform","pooled","leave_out_booking_via_agoda","booking_via_agoda","round",3,429
"HWYNN001","agoda | booking_via_agoda | tripcom",3,-875.193603980125,29.0586923462846,0.49204804012835,6.82494293650448e-12,1.64001122445617,0.5,0,"uniform","pooled","leave_out_priceline","priceline","ceiling",3,915
"HWYNN001","agoda+tripcom | booking_via_agoda",2,-875.258936455515,28.993359870895,0.460928935817045,1.73797902783588e-11,1.74581639290358,0.5,0,"uniform","pooled","leave_out_priceline","priceline","ceiling",3,915
"HWYNN001","agoda+booking_via_agoda | tripcom",2,-877.541542979128,26.710753347282,0.0470230240544555,1.67127425185501e-11,1.68108756507312,0.5,0,"uniform","pooled","leave_out_priceline","priceline","ceiling",3,915
"HWYNN001","agoda+booking_via_agoda+tripcom",1,-904.25229632641,0,1.18026021802849e-13,0,NA,0.5,0,"uniform","pooled","leave_out_priceline","priceline","ceiling",3,915
"HWYNN001","agoda | booking_via_agoda+tripcom",2,-906.088511610467,-1.83621528405661,1.88156663601675e-14,1.71706966150312e-11,1.75477757953907,0.5,0,"uniform","pooled","leave_out_priceline","priceline","ceiling",3,915
"HWYNN001","agoda+tripcom | booking_via_agoda",2,-845.815618123576,69.4871298036556,0.907225451295597,1.40531579060024e-11,1.56861440001027,0.5,0,"uniform","pooled","leave_out_priceline","priceline","floor",3,915
"HWYNN001","agoda | booking_via_agoda | tripcom",3,-848.095836770314,67.2069111569172,0.0927745485276951,3.58018954187586e-12,1.39194783613078,0.5,0,"uniform","pooled","leave_out_priceline","priceline","floor",3,915
"HWYNN001","agoda+booking_via_agoda | tripcom",2,-868.174576217462,47.128171709769,1.76743358857026e-10,1.23658817579181e-11,1.51720984916343,0.5,0,"uniform","pooled","leave_out_priceline","priceline","floor",3,915
"HWYNN001","agoda | booking_via_agoda+tripcom",2,-907.70453663926,7.59821128797137,1.2014326305848e-27,1.08397030929523e-11,1.47228218814498,0.5,0,"uniform","pooled","leave_out_priceline","priceline","floor",3,915
"HWYNN001","agoda+booking_via_agoda+tripcom",1,-915.302747927231,0,6.02335123230124e-31,0,NA,0.5,0,"uniform","pooled","leave_out_priceline","priceline","floor",3,915
"HWYNN001","agoda+tripcom | booking_via_agoda",2,-868.31105777032,40.8769692783605,0.90121150950993,1.6830176009135e-11,1.68652726093062,0.5,0,"uniform","pooled","leave_out_priceline","priceline","round",3,915
"HWYNN001","agoda | booking_via_agoda | tripcom",3,-870.521841220974,38.6661858277068,0.0987860627123622,9.88450493161111e-11,1.5341660460489,0.5,0,"uniform","pooled","leave_out_priceline","priceline","round",3,915
"HWYNN001","agoda+booking_via_agoda | tripcom",2,-881.135576702605,28.0524503460763,2.42777773476964e-06,1.59077146019101e-11,1.63890758443735,0.5,0,"uniform","pooled","leave_out_priceline","priceline","round",3,915
"HWYNN001","agoda | booking_via_agoda+tripcom",2,-906.420427261711,2.76759978697021,2.53593344036776e-17,1.46002257369161e-11,1.60965780117744,0.5,0,"uniform","pooled","leave_out_priceline","priceline","round",3,915
"HWYNN001","agoda+booking_via_agoda+tripcom",1,-909.188027048681,0,1.59288541232709e-18,0,NA,0.5,0,"uniform","pooled","leave_out_priceline","priceline","round",3,915
"HWYNN001","agoda+priceline | booking_via_agoda",2,-593.705420123942,2.19127334527877,0.488810365744481,1.66384474356557e-11,1.88270398422747,0.5,0,"uniform","pooled","leave_out_tripcom","tripcom","ceiling",3,630
"HWYNN001","agoda | booking_via_agoda+priceline",2,-594.067489471206,1.82920399801446,0.340326437360425,1.68769184744854e-11,1.86247176644337,0.5,0,"uniform","pooled","leave_out_tripcom","tripcom","ceiling",3,630
"HWYNN001","agoda | booking_via_agoda | priceline",3,-595.234918901949,0.661774567272118,0.10589794381615,8.984391944712e-12,1.79172414914977,0.5,0,"uniform","pooled","leave_out_tripcom","tripcom","ceiling",3,630
"HWYNN001","agoda+booking_via_agoda+priceline",1,-595.896693469221,0,0.0546364514442725,0,NA,0.5,0,"uniform","pooled","leave_out_tripcom","tripcom","ceiling",3,630
"HWYNN001","agoda+booking_via_agoda | priceline",2,-597.562458469942,-1.66576500072154,0.0103288016347264,1.64777387264295e-11,1.91711560443712,0.5,0,"uniform","pooled","leave_out_tripcom","tripcom","ceiling",3,630
"HWYNN001","agoda | booking_via_agoda+priceline",2,-587.390239275418,19.2991539546672,0.720815341436986,1.37595686275004e-11,1.58826888913782,0.5,0,"uniform","pooled","leave_out_tripcom","tripcom","floor",3,630
"HWYNN001","agoda | booking_via_agoda | priceline",3,-588.561608776866,18.127784453219,0.223411081336357,5.26990690893942e-12,1.60432280076932,0.5,0,"uniform","pooled","leave_out_tripcom","tripcom","floor",3,630
"HWYNN001","agoda+priceline | booking_via_agoda",2,-589.949322096717,16.7400711333688,0.0557735737596381,1.61054780339507e-11,1.67160931717766,0.5,0,"uniform","pooled","leave_out_tripcom","tripcom","floor",3,630
"HWYNN001","agoda+booking_via_agoda+priceline",1,-606.689393230085,0,2.99438717099745e-09,0,NA,0.5,0,"uniform","pooled","leave_out_tripcom","tripcom","floor",3,630
"HWYNN001","agoda+booking_via_agoda | priceline",2,-608.53556298948,-1.84616975939502,4.7263579990869e-10,1.66587969640214e-11,1.88538592654408,0.5,0,"uniform","pooled","leave_out_tripcom","tripcom","floor",3,630
"HWYNN001","agoda | booking_via_agoda+priceline",2,-592.406920769021,9.94872236787239,0.560871743290107,1.66501707929178e-11,1.7124378622302,0.5,0,"uniform","pooled","leave_out_tripcom","tripcom","round",3,630
"HWYNN001","agoda+priceline | booking_via_agoda",2,-593.159958014261,9.19568512263209,0.264133593875095,1.72226691820197e-11,1.76540312366951,0.5,0,"uniform","pooled","leave_out_tripcom","tripcom","round",3,630
"HWYNN001","agoda | booking_via_agoda | priceline",3,-593.571836632548,8.78380650434542,0.174963327403958,6.95585719097333e-12,1.69068951395248,0.5,0,"uniform","pooled","leave_out_tripcom","tripcom","round",3,630
"HWYNN001","agoda+booking_via_agoda+priceline",1,-602.355643136893,0,2.6803304144957e-05,0,NA,0.5,0,"uniform","pooled","leave_out_tripcom","tripcom","round",3,630
"HWYNN001","agoda+booking_via_agoda | priceline",2,-604.132977007044,-1.7773338701503,4.53212669651487e-06,1.66007069396737e-11,1.89883964484455,0.5,0,"uniform","pooled","leave_out_tripcom","tripcom","round",3,630
